"{""messages"":[{""role"":""system"",""content"":""You are a Latin linguist and part-of-speech tagging expert. You are using UPOS (universal part of speech tags). UPOS tags are ADJ,ADP,ADV,AUX,CCONJ,DET,INTJ,NOUN,NUM,PART,PRON,PROPN,PUNCT,SCONJ,SYM,VERB and X. X stands for other.""},{""role"":""user"",""content"":""Return the UPOS tag for the tokens of the sentence: '  'Return the tags in the format TOKEN\tTag\n. Only output the token and the tag (no explanations, no translations, no additional text).""},{""role"":""assistant"",""content"":""\\t\\n""}]}"
"{""messages"":[{""role"":""system"",""content"":""You are a Latin linguist and part-of-speech tagging expert. You are using UPOS (universal part of speech tags). UPOS tags are ADJ,ADP,ADV,AUX,CCONJ,DET,INTJ,NOUN,NUM,PART,PRON,PROPN,PUNCT,SCONJ,SYM,VERB and X. X stands for other.""},{""role"":""user"",""content"":""Return the UPOS tag for the tokens of the sentence: ' in principio creauit deus caelum et terram ; ; 'Return the tags in the format TOKEN\tTag\n. Only output the token and the tag (no explanations, no translations, no additional text).""},{""role"":""assistant"",""content"":""in\\tADP\\n principio\\tNOUN\\n creauit\\tVERB\\n deus\\tPROPN\\n caelum\\tNOUN\\n et\\tCCONJ\\n terram\\tNOUN\\n ;\\tPUNCT\\n ;\\tPUNCT\\n""}]}"
"{""messages"":[{""role"":""system"",""content"":""You are a Latin linguist and part-of-speech tagging expert. You are using UPOS (universal part of speech tags). UPOS tags are ADJ,ADP,ADV,AUX,CCONJ,DET,INTJ,NOUN,NUM,PART,PRON,PROPN,PUNCT,SCONJ,SYM,VERB and X. X stands for other.""},{""role"":""user"",""content"":""Return the UPOS tag for the tokens of the sentence: ' cum igitur deus sit per essentiam suam intelligens , ut supra probatum est , oportet quod similitudo effectus sui sit in eo per modum intelligibilem . . 'Return the tags in the format TOKEN\tTag\n. Only output the token and the tag (no explanations, no translations, no additional text).""},{""role"":""assistant"",""content"":""cum\\tSCONJ\\n igitur\\tADV\\n deus\\tPROPN\\n sit\\tAUX\\n per\\tADP\\n essentiam\\tNOUN\\n suam\\tDET\\n intelligens\\tVERB\\n ,\\tPUNCT\\n ut\\tSCONJ\\n supra\\tADV\\n probatum\\tVERB\\n est\\tAUX\\n ,\\tPUNCT\\n oportet\\tVERB\\n quod\\tSCONJ\\n similitudo\\tNOUN\\n effectus\\tNOUN\\n sui\\tDET\\n sit\\tAUX\\n in\\tADP\\n eo\\tPRON\\n per\\tADP\\n modum\\tNOUN\\n intelligibilem\\tADJ\\n .\\tPUNCT\\n .\\tPUNCT\\n""}]}"
"{""messages"":[{""role"":""system"",""content"":""You are a Latin linguist and part-of-speech tagging expert. You are using UPOS (universal part of speech tags). UPOS tags are ADJ,ADP,ADV,AUX,CCONJ,DET,INTJ,NOUN,NUM,PART,PRON,PROPN,PUNCT,SCONJ,SYM,VERB and X. X stands for other.""},{""role"":""user"",""content"":""Return the UPOS tag for the tokens of the sentence: ' partes autem horum generabilium et corruptibilium generantur acquirentes formas in actu a formis quae sunt in materia , non autem a formis extra materiam existentibus , cum oporteat generans esse simile generato : ut probat philosophus in uii metaphysicae . . 'Return the tags in the format TOKEN\tTag\n. Only output the token and the tag (no explanations, no translations, no additional text).""},{""role"":""assistant"",""content"":""partes\\tNOUN\\n autem\\tPART\\n horum\\tDET\\n generabilium\\tADJ\\n et\\tCCONJ\\n corruptibilium\\tADJ\\n generantur\\tVERB\\n acquirentes\\tVERB\\n formas\\tNOUN\\n in\\tADP\\n actu\\tNOUN\\n a\\tADP\\n formis\\tNOUN\\n quae\\tPRON\\n sunt\\tAUX\\n in\\tADP\\n materia\\tNOUN\\n ,\\tPUNCT\\n non\\tPART\\n autem\\tPART\\n a\\tADP\\n formis\\tNOUN\\n extra\\tADP\\n materiam\\tNOUN\\n existentibus\\tVERB\\n ,\\tPUNCT\\n cum\\tSCONJ\\n oporteat\\tVERB\\n generans\\tVERB\\n esse\\tAUX\\n simile\\tADJ\\n generato\\tVERB\\n :\\tPUNCT\\n ut\\tSCONJ\\n probat\\tVERB\\n philosophus\\tNOUN\\n in\\tADP\\n uii\\tNUM\\n metaphysicae\\tADJ\\n .\\tPUNCT\\n .\\tPUNCT\\n""}]}"
"{""messages"":[{""role"":""system"",""content"":""You are a Latin linguist and part-of-speech tagging expert. You are using UPOS (universal part of speech tags). UPOS tags are ADJ,ADP,ADV,AUX,CCONJ,DET,INTJ,NOUN,NUM,PART,PRON,PROPN,PUNCT,SCONJ,SYM,VERB and X. X stands for other.""},{""role"":""user"",""content"":""Return the UPOS tag for the tokens of the sentence: ' oportet enim , si se ad iudicandum agit , quod suum iudicium cognoscat . . 'Return the tags in the format TOKEN\tTag\n. Only output the token and the tag (no explanations, no translations, no additional text).""},{""role"":""assistant"",""content"":""oportet\\tVERB\\n enim\\tPART\\n ,\\tPUNCT\\n si\\tSCONJ\\n se\\tPRON\\n ad\\tADP\\n iudicandum\\tVERB\\n agit\\tVERB\\n ,\\tPUNCT\\n quod\\tSCONJ\\n suum\\tDET\\n iudicium\\tNOUN\\n cognoscat\\tVERB\\n .\\tPUNCT\\n .\\tPUNCT\\n""}]}"
"{""messages"":[{""role"":""system"",""content"":""You are a Latin linguist and part-of-speech tagging expert. You are using UPOS (universal part of speech tags). UPOS tags are ADJ,ADP,ADV,AUX,CCONJ,DET,INTJ,NOUN,NUM,PART,PRON,PROPN,PUNCT,SCONJ,SYM,VERB and X. X stands for other.""},{""role"":""user"",""content"":""Return the UPOS tag for the tokens of the sentence: ' et hic intellectus passiuus a principio adest puero , per quem sortitur speciem humanam , antequam actu intelligat . . 'Return the tags in the format TOKEN\tTag\n. Only output the token and the tag (no explanations, no translations, no additional text).""},{""role"":""assistant"",""content"":""et\\tCCONJ\\n hic\\tDET\\n intellectus\\tNOUN\\n passiuus\\tADJ\\n a\\tADP\\n principio\\tNOUN\\n adest\\tVERB\\n puero\\tNOUN\\n ,\\tPUNCT\\n per\\tADP\\n quem\\tPRON\\n sortitur\\tVERB\\n speciem\\tNOUN\\n humanam\\tADJ\\n ,\\tPUNCT\\n antequam\\tSCONJ\\n actu\\tNOUN\\n intelligat\\tVERB\\n .\\tPUNCT\\n .\\tPUNCT\\n""}]}"
"{""messages"":[{""role"":""system"",""content"":""You are a Latin linguist and part-of-speech tagging expert. You are using UPOS (universal part of speech tags). UPOS tags are ADJ,ADP,ADV,AUX,CCONJ,DET,INTJ,NOUN,NUM,PART,PRON,PROPN,PUNCT,SCONJ,SYM,VERB and X. X stands for other.""},{""role"":""user"",""content"":""Return the UPOS tag for the tokens of the sentence: ' semper enim inuenitur infimum supremi generis contingere supremum inferioris generis : sicut quaedam infima in genere animalium parum excedunt uitam plantarum , sicut ostrea , quae sunt immobilia et solum tactum habent , et terrae in modum plantarum adstringuntur ; ; 'Return the tags in the format TOKEN\tTag\n. Only output the token and the tag (no explanations, no translations, no additional text).""},{""role"":""assistant"",""content"":""semper\\tADV\\n enim\\tPART\\n inuenitur\\tVERB\\n infimum\\tADJ\\n supremi\\tADJ\\n generis\\tNOUN\\n contingere\\tVERB\\n supremum\\tADJ\\n inferioris\\tADJ\\n generis\\tNOUN\\n :\\tPUNCT\\n sicut\\tSCONJ\\n quaedam\\tDET\\n infima\\tADJ\\n in\\tADP\\n genere\\tNOUN\\n animalium\\tNOUN\\n parum\\tNOUN\\n excedunt\\tVERB\\n uitam\\tNOUN\\n plantarum\\tNOUN\\n ,\\tPUNCT\\n sicut\\tSCONJ\\n ostrea\\tNOUN\\n ,\\tPUNCT\\n quae\\tPRON\\n sunt\\tAUX\\n immobilia\\tADJ\\n et\\tCCONJ\\n solum\\tADV\\n tactum\\tNOUN\\n habent\\tVERB\\n ,\\tPUNCT\\n et\\tCCONJ\\n terrae\\tNOUN\\n in\\tADP\\n modum\\tNOUN\\n plantarum\\tNOUN\\n adstringuntur\\tVERB\\n ;\\tPUNCT\\n ;\\tPUNCT\\n""}]}"
"{""messages"":[{""role"":""system"",""content"":""You are a Latin linguist and part-of-speech tagging expert. You are using UPOS (universal part of speech tags). UPOS tags are ADJ,ADP,ADV,AUX,CCONJ,DET,INTJ,NOUN,NUM,PART,PRON,PROPN,PUNCT,SCONJ,SYM,VERB and X. X stands for other.""},{""role"":""user"",""content"":""Return the UPOS tag for the tokens of the sentence: ' oportet enim proprium actum in proprio perfectibili esse . . 'Return the tags in the format TOKEN\tTag\n. Only output the token and the tag (no explanations, no translations, no additional text).""},{""role"":""assistant"",""content"":""oportet\\tVERB\\n enim\\tPART\\n proprium\\tADJ\\n actum\\tNOUN\\n in\\tADP\\n proprio\\tADJ\\n perfectibili\\tADJ\\n esse\\tAUX\\n .\\tPUNCT\\n .\\tPUNCT\\n""}]}"
"{""messages"":[{""role"":""system"",""content"":""You are a Latin linguist and part-of-speech tagging expert. You are using UPOS (universal part of speech tags). UPOS tags are ADJ,ADP,ADV,AUX,CCONJ,DET,INTJ,NOUN,NUM,PART,PRON,PROPN,PUNCT,SCONJ,SYM,VERB and X. X stands for other.""},{""role"":""user"",""content"":""Return the UPOS tag for the tokens of the sentence: ' corpus igitur humanum , secundum quod est in potentia ad animam , utpote cum nondum habet animam , est prius tempore quam anima : : 'Return the tags in the format TOKEN\tTag\n. Only output the token and the tag (no explanations, no translations, no additional text).""},{""role"":""assistant"",""content"":""corpus\\tNOUN\\n igitur\\tADV\\n humanum\\tADJ\\n ,\\tPUNCT\\n secundum\\tADP\\n quod\\tPRON\\n est\\tAUX\\n in\\tADP\\n potentia\\tNOUN\\n ad\\tADP\\n animam\\tNOUN\\n ,\\tPUNCT\\n utpote\\tADV\\n cum\\tSCONJ\\n nondum\\tADV\\n habet\\tVERB\\n animam\\tNOUN\\n ,\\tPUNCT\\n est\\tAUX\\n prius\\tADJ\\n tempore\\tNOUN\\n quam\\tSCONJ\\n anima\\tNOUN\\n :\\tPUNCT\\n :\\tPUNCT\\n""}]}"
"{""messages"":[{""role"":""system"",""content"":""You are a Latin linguist and part-of-speech tagging expert. You are using UPOS (universal part of speech tags). UPOS tags are ADJ,ADP,ADV,AUX,CCONJ,DET,INTJ,NOUN,NUM,PART,PRON,PROPN,PUNCT,SCONJ,SYM,VERB and X. X stands for other.""},{""role"":""user"",""content"":""Return the UPOS tag for the tokens of the sentence: ' deus magnus dominus et rex magnus super omnes deos . . 'Return the tags in the format TOKEN\tTag\n. Only output the token and the tag (no explanations, no translations, no additional text).""},{""role"":""assistant"",""content"":""deus\\tNOUN\\n magnus\\tADJ\\n dominus\\tNOUN\\n et\\tCCONJ\\n rex\\tNOUN\\n magnus\\tADJ\\n super\\tADP\\n omnes\\tDET\\n deos\\tNOUN\\n .\\tPUNCT\\n .\\tPUNCT\\n""}]}"
"{""messages"":[{""role"":""system"",""content"":""You are a Latin linguist and part-of-speech tagging expert. You are using UPOS (universal part of speech tags). UPOS tags are ADJ,ADP,ADV,AUX,CCONJ,DET,INTJ,NOUN,NUM,PART,PRON,PROPN,PUNCT,SCONJ,SYM,VERB and X. X stands for other.""},{""role"":""user"",""content"":""Return the UPOS tag for the tokens of the sentence: ' non enim bruta possunt dici felicia , nisi abusiue . . 'Return the tags in the format TOKEN\tTag\n. Only output the token and the tag (no explanations, no translations, no additional text).""},{""role"":""assistant"",""content"":""non\\tPART\\n enim\\tPART\\n bruta\\tADJ\\n possunt\\tVERB\\n dici\\tVERB\\n felicia\\tADJ\\n ,\\tPUNCT\\n nisi\\tSCONJ\\n abusiue\\tNOUN\\n .\\tPUNCT\\n .\\tPUNCT\\n""}]}"
"{""messages"":[{""role"":""system"",""content"":""You are a Latin linguist and part-of-speech tagging expert. You are using UPOS (universal part of speech tags). UPOS tags are ADJ,ADP,ADV,AUX,CCONJ,DET,INTJ,NOUN,NUM,PART,PRON,PROPN,PUNCT,SCONJ,SYM,VERB and X. X stands for other.""},{""role"":""user"",""content"":""Return the UPOS tag for the tokens of the sentence: ' participant autem quaedam eorum aliquid prudentiae : ut patet per eundem in i metaphysicae . . 'Return the tags in the format TOKEN\tTag\n. Only output the token and the tag (no explanations, no translations, no additional text).""},{""role"":""assistant"",""content"":""participant\\tVERB\\n autem\\tPART\\n quaedam\\tDET\\n eorum\\tPRON\\n aliquid\\tPRON\\n prudentiae\\tNOUN\\n :\\tPUNCT\\n ut\\tSCONJ\\n patet\\tVERB\\n per\\tADP\\n eundem\\tDET\\n in\\tADP\\n i\\tNUM\\n metaphysicae\\tADJ\\n .\\tPUNCT\\n .\\tPUNCT\\n""}]}"
"{""messages"":[{""role"":""system"",""content"":""You are a Latin linguist and part-of-speech tagging expert. You are using UPOS (universal part of speech tags). UPOS tags are ADJ,ADP,ADV,AUX,CCONJ,DET,INTJ,NOUN,NUM,PART,PRON,PROPN,PUNCT,SCONJ,SYM,VERB and X. X stands for other.""},{""role"":""user"",""content"":""Return the UPOS tag for the tokens of the sentence: ' adhuc . . 'Return the tags in the format TOKEN\tTag\n. Only output the token and the tag (no explanations, no translations, no additional text).""},{""role"":""assistant"",""content"":""adhuc\\tADV\\n .\\tPUNCT\\n .\\tPUNCT\\n""}]}"
"{""messages"":[{""role"":""system"",""content"":""You are a Latin linguist and part-of-speech tagging expert. You are using UPOS (universal part of speech tags). UPOS tags are ADJ,ADP,ADV,AUX,CCONJ,DET,INTJ,NOUN,NUM,PART,PRON,PROPN,PUNCT,SCONJ,SYM,VERB and X. X stands for other.""},{""role"":""user"",""content"":""Return the UPOS tag for the tokens of the sentence: ' ad summam autem honoris altitudinem per illam uisionem homines sublimantur , inquantum deo quodam modo uniuntur , ut supra ostensum est . . 'Return the tags in the format TOKEN\tTag\n. Only output the token and the tag (no explanations, no translations, no additional text).""},{""role"":""assistant"",""content"":""ad\\tADP\\n summam\\tADJ\\n autem\\tPART\\n honoris\\tNOUN\\n altitudinem\\tNOUN\\n per\\tADP\\n illam\\tDET\\n uisionem\\tNOUN\\n homines\\tNOUN\\n sublimantur\\tVERB\\n ,\\tPUNCT\\n inquantum\\tSCONJ\\n deo\\tPROPN\\n quodam\\tDET\\n modo\\tNOUN\\n uniuntur\\tVERB\\n ,\\tPUNCT\\n ut\\tSCONJ\\n supra\\tADV\\n ostensum\\tVERB\\n est\\tAUX\\n .\\tPUNCT\\n .\\tPUNCT\\n""}]}"
"{""messages"":[{""role"":""system"",""content"":""You are a Latin linguist and part-of-speech tagging expert. You are using UPOS (universal part of speech tags). UPOS tags are ADJ,ADP,ADV,AUX,CCONJ,DET,INTJ,NOUN,NUM,PART,PRON,PROPN,PUNCT,SCONJ,SYM,VERB and X. X stands for other.""},{""role"":""user"",""content"":""Return the UPOS tag for the tokens of the sentence: ' omnia autem quae mouentur , mouentur propter finem , ut supra ostensum est . . 'Return the tags in the format TOKEN\tTag\n. Only output the token and the tag (no explanations, no translations, no additional text).""},{""role"":""assistant"",""content"":""omnia\\tDET\\n autem\\tPART\\n quae\\tPRON\\n mouentur\\tVERB\\n ,\\tPUNCT\\n mouentur\\tVERB\\n propter\\tADP\\n finem\\tNOUN\\n ,\\tPUNCT\\n ut\\tSCONJ\\n supra\\tADV\\n ostensum\\tVERB\\n est\\tAUX\\n .\\tPUNCT\\n .\\tPUNCT\\n""}]}"
"{""messages"":[{""role"":""system"",""content"":""You are a Latin linguist and part-of-speech tagging expert. You are using UPOS (universal part of speech tags). UPOS tags are ADJ,ADP,ADV,AUX,CCONJ,DET,INTJ,NOUN,NUM,PART,PRON,PROPN,PUNCT,SCONJ,SYM,VERB and X. X stands for other.""},{""role"":""user"",""content"":""Return the UPOS tag for the tokens of the sentence: ' quanto aliqua sunt propinquiora deo , tanto magis de similitudine ipsius participant : et quanto magis distant , tanto magis a similitudine ipsius deficiunt . . 'Return the tags in the format TOKEN\tTag\n. Only output the token and the tag (no explanations, no translations, no additional text).""},{""role"":""assistant"",""content"":""quanto\\tADV\\n aliqua\\tPRON\\n sunt\\tAUX\\n propinquiora\\tADJ\\n deo\\tPROPN\\n ,\\tPUNCT\\n tanto\\tADV\\n magis\\tADV\\n de\\tADP\\n similitudine\\tNOUN\\n ipsius\\tDET\\n participant\\tVERB\\n :\\tPUNCT\\n et\\tCCONJ\\n quanto\\tADV\\n magis\\tADV\\n distant\\tVERB\\n ,\\tPUNCT\\n tanto\\tADV\\n magis\\tADV\\n a\\tADP\\n similitudine\\tNOUN\\n ipsius\\tDET\\n deficiunt\\tVERB\\n .\\tPUNCT\\n .\\tPUNCT\\n""}]}"
"{""messages"":[{""role"":""system"",""content"":""You are a Latin linguist and part-of-speech tagging expert. You are using UPOS (universal part of speech tags). UPOS tags are ADJ,ADP,ADV,AUX,CCONJ,DET,INTJ,NOUN,NUM,PART,PRON,PROPN,PUNCT,SCONJ,SYM,VERB and X. X stands for other.""},{""role"":""user"",""content"":""Return the UPOS tag for the tokens of the sentence: ' esset igitur imperfectissima dei prouidentia si in uniuersalibus consisteret , et usque ad singularia non perueniret . . 'Return the tags in the format TOKEN\tTag\n. Only output the token and the tag (no explanations, no translations, no additional text).""},{""role"":""assistant"",""content"":""esset\\tAUX\\n igitur\\tADV\\n imperfectissima\\tADJ\\n dei\\tPROPN\\n prouidentia\\tNOUN\\n si\\tSCONJ\\n in\\tADP\\n uniuersalibus\\tADJ\\n consisteret\\tVERB\\n ,\\tPUNCT\\n et\\tCCONJ\\n usque\\tADP\\n ad\\tADP\\n singularia\\tADJ\\n non\\tPART\\n perueniret\\tVERB\\n .\\tPUNCT\\n .\\tPUNCT\\n""}]}"
"{""messages"":[{""role"":""system"",""content"":""You are a Latin linguist and part-of-speech tagging expert. You are using UPOS (universal part of speech tags). UPOS tags are ADJ,ADP,ADV,AUX,CCONJ,DET,INTJ,NOUN,NUM,PART,PRON,PROPN,PUNCT,SCONJ,SYM,VERB and X. X stands for other.""},{""role"":""user"",""content"":""Return the UPOS tag for the tokens of the sentence: ' unde super illud iob 33 , quem posuit alium super orbem quem fabricatus est ? ? 'Return the tags in the format TOKEN\tTag\n. Only output the token and the tag (no explanations, no translations, no additional text).""},{""role"":""assistant"",""content"":""unde\\tADV\\n super\\tADP\\n illud\\tDET\\n iob\\tPROPN\\n 33\\tNUM\\n ,\\tPUNCT\\n quem\\tPRON\\n posuit\\tVERB\\n alium\\tDET\\n super\\tADP\\n orbem\\tNOUN\\n quem\\tPRON\\n fabricatus\\tVERB\\n est\\tAUX\\n ?\\tPUNCT\\n ?\\tPUNCT\\n""}]}"
"{""messages"":[{""role"":""system"",""content"":""You are a Latin linguist and part-of-speech tagging expert. You are using UPOS (universal part of speech tags). UPOS tags are ADJ,ADP,ADV,AUX,CCONJ,DET,INTJ,NOUN,NUM,PART,PRON,PROPN,PUNCT,SCONJ,SYM,VERB and X. X stands for other.""},{""role"":""user"",""content"":""Return the UPOS tag for the tokens of the sentence: ' omnia autem quae in nobis sunt , inueniuntur esse multiplicia , uariabilia , et defectibilia . . 'Return the tags in the format TOKEN\tTag\n. Only output the token and the tag (no explanations, no translations, no additional text).""},{""role"":""assistant"",""content"":""omnia\\tDET\\n autem\\tPART\\n quae\\tPRON\\n in\\tADP\\n nobis\\tPRON\\n sunt\\tAUX\\n ,\\tPUNCT\\n inueniuntur\\tVERB\\n esse\\tAUX\\n multiplicia\\tADJ\\n ,\\tPUNCT\\n uariabilia\\tADJ\\n ,\\tPUNCT\\n et\\tCCONJ\\n defectibilia\\tADJ\\n .\\tPUNCT\\n .\\tPUNCT\\n""}]}"
"{""messages"":[{""role"":""system"",""content"":""You are a Latin linguist and part-of-speech tagging expert. You are using UPOS (universal part of speech tags). UPOS tags are ADJ,ADP,ADV,AUX,CCONJ,DET,INTJ,NOUN,NUM,PART,PRON,PROPN,PUNCT,SCONJ,SYM,VERB and X. X stands for other.""},{""role"":""user"",""content"":""Return the UPOS tag for the tokens of the sentence: ' sed ideo isti haeretici sunt , quoniam , se ab ecclesia separantes , nullam spem putant eos habere qui utuntur his rebus quibus ipsi carent . . 'Return the tags in the format TOKEN\tTag\n. Only output the token and the tag (no explanations, no translations, no additional text).""},{""role"":""assistant"",""content"":""sed\\tCCONJ\\n ideo\\tADV\\n isti\\tDET\\n haeretici\\tADJ\\n sunt\\tAUX\\n ,\\tPUNCT\\n quoniam\\tSCONJ\\n ,\\tPUNCT\\n se\\tPRON\\n ab\\tADP\\n ecclesia\\tNOUN\\n separantes\\tVERB\\n ,\\tPUNCT\\n nullam\\tDET\\n spem\\tNOUN\\n putant\\tVERB\\n eos\\tPRON\\n habere\\tVERB\\n qui\\tPRON\\n utuntur\\tVERB\\n his\\tDET\\n rebus\\tNOUN\\n quibus\\tPRON\\n ipsi\\tDET\\n carent\\tVERB\\n .\\tPUNCT\\n .\\tPUNCT\\n""}]}"
"{""messages"":[{""role"":""system"",""content"":""You are a Latin linguist and part-of-speech tagging expert. You are using UPOS (universal part of speech tags). UPOS tags are ADJ,ADP,ADV,AUX,CCONJ,DET,INTJ,NOUN,NUM,PART,PRON,PROPN,PUNCT,SCONJ,SYM,VERB and X. X stands for other.""},{""role"":""user"",""content"":""Return the UPOS tag for the tokens of the sentence: ' oportet quod homo ad ultimum finem per proprias operationes perueniat . . 'Return the tags in the format TOKEN\tTag\n. Only output the token and the tag (no explanations, no translations, no additional text).""},{""role"":""assistant"",""content"":""oportet\\tVERB\\n quod\\tSCONJ\\n homo\\tNOUN\\n ad\\tADP\\n ultimum\\tADJ\\n finem\\tNOUN\\n per\\tADP\\n proprias\\tADJ\\n operationes\\tNOUN\\n perueniat\\tVERB\\n .\\tPUNCT\\n .\\tPUNCT\\n""}]}"
"{""messages"":[{""role"":""system"",""content"":""You are a Latin linguist and part-of-speech tagging expert. You are using UPOS (universal part of speech tags). UPOS tags are ADJ,ADP,ADV,AUX,CCONJ,DET,INTJ,NOUN,NUM,PART,PRON,PROPN,PUNCT,SCONJ,SYM,VERB and X. X stands for other.""},{""role"":""user"",""content"":""Return the UPOS tag for the tokens of the sentence: ' primorum igitur effectuum praecognitio certa habetur : : 'Return the tags in the format TOKEN\tTag\n. Only output the token and the tag (no explanations, no translations, no additional text).""},{""role"":""assistant"",""content"":""primorum\\tADJ\\n igitur\\tADV\\n effectuum\\tNOUN\\n praecognitio\\tNOUN\\n certa\\tADJ\\n habetur\\tVERB\\n :\\tPUNCT\\n :\\tPUNCT\\n""}]}"
"{""messages"":[{""role"":""system"",""content"":""You are a Latin linguist and part-of-speech tagging expert. You are using UPOS (universal part of speech tags). UPOS tags are ADJ,ADP,ADV,AUX,CCONJ,DET,INTJ,NOUN,NUM,PART,PRON,PROPN,PUNCT,SCONJ,SYM,VERB and X. X stands for other.""},{""role"":""user"",""content"":""Return the UPOS tag for the tokens of the sentence: ' crimen haeresis impedit matrimonium semper contrahendum ; sed non dirimit contractum , nisi sit talis haeretica quae baptismi sacramentum non acceperit , aut non in forma ecclesiae fuerit baptizata . . 'Return the tags in the format TOKEN\tTag\n. Only output the token and the tag (no explanations, no translations, no additional text).""},{""role"":""assistant"",""content"":""crimen\\tNOUN\\n haeresis\\tNOUN\\n impedit\\tVERB\\n matrimonium\\tNOUN\\n semper\\tADV\\n contrahendum\\tVERB\\n ;\\tPUNCT\\n sed\\tCCONJ\\n non\\tPART\\n dirimit\\tVERB\\n contractum\\tVERB\\n ,\\tPUNCT\\n nisi\\tSCONJ\\n sit\\tAUX\\n talis\\tDET\\n haeretica\\tADJ\\n quae\\tPRON\\n baptismi\\tNOUN\\n sacramentum\\tNOUN\\n non\\tPART\\n acceperit\\tVERB\\n ,\\tPUNCT\\n aut\\tCCONJ\\n non\\tPART\\n in\\tADP\\n forma\\tNOUN\\n ecclesiae\\tNOUN\\n fuerit\\tAUX\\n baptizata\\tVERB\\n .\\tPUNCT\\n .\\tPUNCT\\n""}]}"
"{""messages"":[{""role"":""system"",""content"":""You are a Latin linguist and part-of-speech tagging expert. You are using UPOS (universal part of speech tags). UPOS tags are ADJ,ADP,ADV,AUX,CCONJ,DET,INTJ,NOUN,NUM,PART,PRON,PROPN,PUNCT,SCONJ,SYM,VERB and X. X stands for other.""},{""role"":""user"",""content"":""Return the UPOS tag for the tokens of the sentence: ' quandoque eum unigenitum nominat : : 'Return the tags in the format TOKEN\tTag\n. Only output the token and the tag (no explanations, no translations, no additional text).""},{""role"":""assistant"",""content"":""quandoque\\tADV\\n eum\\tPRON\\n unigenitum\\tNOUN\\n nominat\\tVERB\\n :\\tPUNCT\\n :\\tPUNCT\\n""}]}"
"{""messages"":[{""role"":""system"",""content"":""You are a Latin linguist and part-of-speech tagging expert. You are using UPOS (universal part of speech tags). UPOS tags are ADJ,ADP,ADV,AUX,CCONJ,DET,INTJ,NOUN,NUM,PART,PRON,PROPN,PUNCT,SCONJ,SYM,VERB and X. X stands for other.""},{""role"":""user"",""content"":""Return the UPOS tag for the tokens of the sentence: ' nam patri et filio commune est quod dicitur isaiae 45-15 : : 'Return the tags in the format TOKEN\tTag\n. Only output the token and the tag (no explanations, no translations, no additional text).""},{""role"":""assistant"",""content"":""nam\\tPART\\n patri\\tNOUN\\n et\\tCCONJ\\n filio\\tNOUN\\n commune\\tADJ\\n est\\tAUX\\n quod\\tPRON\\n dicitur\\tVERB\\n isaiae\\tNOUN\\n 45-15\\tNUM\\n :\\tPUNCT\\n :\\tPUNCT\\n""}]}"
"{""messages"":[{""role"":""system"",""content"":""You are a Latin linguist and part-of-speech tagging expert. You are using UPOS (universal part of speech tags). UPOS tags are ADJ,ADP,ADV,AUX,CCONJ,DET,INTJ,NOUN,NUM,PART,PRON,PROPN,PUNCT,SCONJ,SYM,VERB and X. X stands for other.""},{""role"":""user"",""content"":""Return the UPOS tag for the tokens of the sentence: ' huius autem intellectum sumere oportet ex his quae iam dicta sunt . . 'Return the tags in the format TOKEN\tTag\n. Only output the token and the tag (no explanations, no translations, no additional text).""},{""role"":""assistant"",""content"":""huius\\tDET\\n autem\\tPART\\n intellectum\\tNOUN\\n sumere\\tVERB\\n oportet\\tVERB\\n ex\\tADP\\n his\\tDET\\n quae\\tPRON\\n iam\\tADV\\n dicta\\tVERB\\n sunt\\tAUX\\n .\\tPUNCT\\n .\\tPUNCT\\n""}]}"
"{""messages"":[{""role"":""system"",""content"":""You are a Latin linguist and part-of-speech tagging expert. You are using UPOS (universal part of speech tags). UPOS tags are ADJ,ADP,ADV,AUX,CCONJ,DET,INTJ,NOUN,NUM,PART,PRON,PROPN,PUNCT,SCONJ,SYM,VERB and X. X stands for other.""},{""role"":""user"",""content"":""Return the UPOS tag for the tokens of the sentence: ' restat quartum , quod est spiritualis sanatio , quae fit uel in anima tantum per poenitentiae sacramentum ; uel ex anima deriuatur ad corpus , quando fuerit opportunum , per extremam unctionem . . 'Return the tags in the format TOKEN\tTag\n. Only output the token and the tag (no explanations, no translations, no additional text).""},{""role"":""assistant"",""content"":""restat\\tVERB\\n quartum\\tADJ\\n ,\\tPUNCT\\n quod\\tPRON\\n est\\tAUX\\n spiritualis\\tADJ\\n sanatio\\tNOUN\\n ,\\tPUNCT\\n quae\\tPRON\\n fit\\tVERB\\n uel\\tCCONJ\\n in\\tADP\\n anima\\tNOUN\\n tantum\\tADV\\n per\\tADP\\n poenitentiae\\tNOUN\\n sacramentum\\tNOUN\\n ;\\tPUNCT\\n uel\\tCCONJ\\n ex\\tADP\\n anima\\tNOUN\\n deriuatur\\tVERB\\n ad\\tADP\\n corpus\\tNOUN\\n ,\\tPUNCT\\n quando\\tSCONJ\\n fuerit\\tAUX\\n opportunum\\tADJ\\n ,\\tPUNCT\\n per\\tADP\\n extremam\\tADJ\\n unctionem\\tNOUN\\n .\\tPUNCT\\n .\\tPUNCT\\n""}]}"
"{""messages"":[{""role"":""system"",""content"":""You are a Latin linguist and part-of-speech tagging expert. You are using UPOS (universal part of speech tags). UPOS tags are ADJ,ADP,ADV,AUX,CCONJ,DET,INTJ,NOUN,NUM,PART,PRON,PROPN,PUNCT,SCONJ,SYM,VERB and X. X stands for other.""},{""role"":""user"",""content"":""Return the UPOS tag for the tokens of the sentence: ' ipse suprascripta petia de terra , quod est gahagio , qualiter circumdata est per designatas locas , una cum omnibus arboribus fructiferis et infructiferis , una cum fossa et cesa sua tibi ea trado in integrum ; ; 'Return the tags in the format TOKEN\tTag\n. Only output the token and the tag (no explanations, no translations, no additional text).""},{""role"":""assistant"",""content"":""ipse\\tDET\\n suprascripta\\tDET\\n petia\\tNOUN\\n de\\tADP\\n terra\\tNOUN\\n ,\\tPUNCT\\n quod\\tPRON\\n est\\tAUX\\n gahagio\\tNOUN\\n ,\\tPUNCT\\n qualiter\\tSCONJ\\n circumdata\\tVERB\\n est\\tAUX\\n per\\tADP\\n designatas\\tVERB\\n locas\\tNOUN\\n ,\\tPUNCT\\n una\\tADV\\n cum\\tADP\\n omnibus\\tDET\\n arboribus\\tNOUN\\n fructiferis\\tADJ\\n et\\tCCONJ\\n infructiferis\\tADJ\\n ,\\tPUNCT\\n una\\tADV\\n cum\\tADP\\n fossa\\tNOUN\\n et\\tCCONJ\\n cesa\\tNOUN\\n sua\\tDET\\n tibi\\tPRON\\n ea\\tPRON\\n trado\\tVERB\\n in\\tADP\\n integrum\\tADJ\\n ;\\tPUNCT\\n ;\\tPUNCT\\n""}]}"
"{""messages"":[{""role"":""system"",""content"":""You are a Latin linguist and part-of-speech tagging expert. You are using UPOS (universal part of speech tags). UPOS tags are ADJ,ADP,ADV,AUX,CCONJ,DET,INTJ,NOUN,NUM,PART,PRON,PROPN,PUNCT,SCONJ,SYM,VERB and X. X stands for other.""},{""role"":""user"",""content"":""Return the UPOS tag for the tokens of the sentence: ' actum in suprascripto loco Viturio . . 'Return the tags in the format TOKEN\tTag\n. Only output the token and the tag (no explanations, no translations, no additional text).""},{""role"":""assistant"",""content"":""actum\\tVERB\\n in\\tADP\\n suprascripto\\tDET\\n loco\\tNOUN\\n Viturio\\tPROPN\\n .\\tPUNCT\\n .\\tPUNCT\\n""}]}"
"{""messages"":[{""role"":""system"",""content"":""You are a Latin linguist and part-of-speech tagging expert. You are using UPOS (universal part of speech tags). UPOS tags are ADJ,ADP,ADV,AUX,CCONJ,DET,INTJ,NOUN,NUM,PART,PRON,PROPN,PUNCT,SCONJ,SYM,VERB and X. X stands for other.""},{""role"":""user"",""content"":""Return the UPOS tag for the tokens of the sentence: ' et duas inter nos cartulas prope unum tenorem de parte mea Alpertum clericum notarium scrivere rogavi . . 'Return the tags in the format TOKEN\tTag\n. Only output the token and the tag (no explanations, no translations, no additional text).""},{""role"":""assistant"",""content"":""et\\tCCONJ\\n duas\\tNUM\\n inter\\tADP\\n nos\\tPRON\\n cartulas\\tNOUN\\n prope\\tADP\\n unum\\tDET\\n tenorem\\tNOUN\\n de\\tADP\\n parte\\tNOUN\\n mea\\tDET\\n Alpertum\\tPROPN\\n clericum\\tNOUN\\n notarium\\tNOUN\\n scrivere\\tVERB\\n rogavi\\tVERB\\n .\\tPUNCT\\n .\\tPUNCT\\n""}]}"
"{""messages"":[{""role"":""system"",""content"":""You are a Latin linguist and part-of-speech tagging expert. You are using UPOS (universal part of speech tags). UPOS tags are ADJ,ADP,ADV,AUX,CCONJ,DET,INTJ,NOUN,NUM,PART,PRON,PROPN,PUNCT,SCONJ,SYM,VERB and X. X stands for other.""},{""role"":""user"",""content"":""Return the UPOS tag for the tokens of the sentence: ' + Ego Lanfridi , rogatus ad Odolpertu , me teste subscripsi . . 'Return the tags in the format TOKEN\tTag\n. Only output the token and the tag (no explanations, no translations, no additional text).""},{""role"":""assistant"",""content"":""+\\tPUNCT\\n Ego\\tPRON\\n Lanfridi\\tPROPN\\n ,\\tPUNCT\\n rogatus\\tVERB\\n ad\\tADP\\n Odolpertu\\tPROPN\\n ,\\tPUNCT\\n me\\tPRON\\n teste\\tNOUN\\n subscripsi\\tVERB\\n .\\tPUNCT\\n .\\tPUNCT\\n""}]}"
"{""messages"":[{""role"":""system"",""content"":""You are a Latin linguist and part-of-speech tagging expert. You are using UPOS (universal part of speech tags). UPOS tags are ADJ,ADP,ADV,AUX,CCONJ,DET,INTJ,NOUN,NUM,PART,PRON,PROPN,PUNCT,SCONJ,SYM,VERB and X. X stands for other.""},{""role"":""user"",""content"":""Return the UPOS tag for the tokens of the sentence: ' + Ego Gundelprandus notarius post traditam conplevi et dedi , ego Gundelprandus . . 'Return the tags in the format TOKEN\tTag\n. Only output the token and the tag (no explanations, no translations, no additional text).""},{""role"":""assistant"",""content"":""+\\tPUNCT\\n Ego\\tPRON\\n Gundelprandus\\tPROPN\\n notarius\\tNOUN\\n post\\tADP\\n traditam\\tVERB\\n conplevi\\tVERB\\n et\\tCCONJ\\n dedi\\tVERB\\n ,\\tPUNCT\\n ego\\tPRON\\n Gundelprandus\\tPROPN\\n .\\tPUNCT\\n .\\tPUNCT\\n""}]}"
"{""messages"":[{""role"":""system"",""content"":""You are a Latin linguist and part-of-speech tagging expert. You are using UPOS (universal part of speech tags). UPOS tags are ADJ,ADP,ADV,AUX,CCONJ,DET,INTJ,NOUN,NUM,PART,PRON,PROPN,PUNCT,SCONJ,SYM,VERB and X. X stands for other.""},{""role"":""user"",""content"":""Return the UPOS tag for the tokens of the sentence: ' exceptamus exinde omni movilia quod est intrinsecus ipsius case et pannamenta , quas nobis reservamus . . 'Return the tags in the format TOKEN\tTag\n. Only output the token and the tag (no explanations, no translations, no additional text).""},{""role"":""assistant"",""content"":""exceptamus\\tVERB\\n exinde\\tADV\\n omni\\tDET\\n movilia\\tADJ\\n quod\\tPRON\\n est\\tAUX\\n intrinsecus\\tNOUN\\n ipsius\\tDET\\n case\\tNOUN\\n et\\tCCONJ\\n pannamenta\\tNOUN\\n ,\\tPUNCT\\n quas\\tPRON\\n nobis\\tPRON\\n reservamus\\tVERB\\n .\\tPUNCT\\n .\\tPUNCT\\n""}]}"
"{""messages"":[{""role"":""system"",""content"":""You are a Latin linguist and part-of-speech tagging expert. You are using UPOS (universal part of speech tags). UPOS tags are ADJ,ADP,ADV,AUX,CCONJ,DET,INTJ,NOUN,NUM,PART,PRON,PROPN,PUNCT,SCONJ,SYM,VERB and X. X stands for other.""},{""role"":""user"",""content"":""Return the UPOS tag for the tokens of the sentence: ' casa ipsa cum terris , vineis , silvis , virgareis , cultum vel incultum , omnia et in omnibus quantum ad ipsa casa est pertenentes et ego ipsi exinde ad manus mea abere videor , me firmasti in integrum , tali vero ordine ut ego in ipsa casa residere et abitare debeas e tam ipsa casa quam et res quas mihi dedisti bene lavorare et gubernare seo in omnibus meliorare debeas . . 'Return the tags in the format TOKEN\tTag\n. Only output the token and the tag (no explanations, no translations, no additional text).""},{""role"":""assistant"",""content"":""casa\\tNOUN\\n ipsa\\tDET\\n cum\\tADP\\n terris\\tNOUN\\n ,\\tPUNCT\\n vineis\\tNOUN\\n ,\\tPUNCT\\n silvis\\tNOUN\\n ,\\tPUNCT\\n virgareis\\tNOUN\\n ,\\tPUNCT\\n cultum\\tADJ\\n vel\\tCCONJ\\n incultum\\tADJ\\n ,\\tPUNCT\\n omnia\\tDET\\n et\\tCCONJ\\n in\\tADP\\n omnibus\\tDET\\n quantum\\tADV\\n ad\\tADP\\n ipsa\\tDET\\n casa\\tNOUN\\n est\\tAUX\\n pertenentes\\tVERB\\n et\\tCCONJ\\n ego\\tPRON\\n ipsi\\tDET\\n exinde\\tADV\\n ad\\tADP\\n manus\\tNOUN\\n mea\\tDET\\n abere\\tVERB\\n videor\\tVERB\\n ,\\tPUNCT\\n me\\tPRON\\n firmasti\\tVERB\\n in\\tADP\\n integrum\\tADJ\\n ,\\tPUNCT\\n tali\\tDET\\n vero\\tADV\\n ordine\\tNOUN\\n ut\\tSCONJ\\n ego\\tPRON\\n in\\tADP\\n ipsa\\tDET\\n casa\\tNOUN\\n residere\\tVERB\\n et\\tCCONJ\\n abitare\\tVERB\\n debeas\\tVERB\\n e\\tCCONJ\\n tam\\tADV\\n ipsa\\tDET\\n casa\\tNOUN\\n quam\\tSCONJ\\n et\\tCCONJ\\n res\\tNOUN\\n quas\\tPRON\\n mihi\\tPRON\\n dedisti\\tVERB\\n bene\\tADV\\n lavorare\\tVERB\\n et\\tCCONJ\\n gubernare\\tVERB\\n seo\\tCCONJ\\n in\\tADP\\n omnibus\\tDET\\n meliorare\\tVERB\\n debeas\\tVERB\\n .\\tPUNCT\\n .\\tPUNCT\\n""}]}"
"{""messages"":[{""role"":""system"",""content"":""You are a Latin linguist and part-of-speech tagging expert. You are using UPOS (universal part of speech tags). UPOS tags are ADJ,ADP,ADV,AUX,CCONJ,DET,INTJ,NOUN,NUM,PART,PRON,PROPN,PUNCT,SCONJ,SYM,VERB and X. X stands for other.""},{""role"":""user"",""content"":""Return the UPOS tag for the tokens of the sentence: ' repromitto per hanc cartula ego Martino presbitero , filio quondam Venerandi , tibi Gherardus , gratia Dei huius sancte Lucane ecclesie humilis episcopus , ut ego semper in mense martio tibi , vel subcessoribus tuis , dare et perexolvere promitto argentum soledos quinque de bonos denarios expendiviles , duodecim denarios per singulos soledos rationatos ; ; 'Return the tags in the format TOKEN\tTag\n. Only output the token and the tag (no explanations, no translations, no additional text).""},{""role"":""assistant"",""content"":""repromitto\\tVERB\\n per\\tADP\\n hanc\\tDET\\n cartula\\tNOUN\\n ego\\tPRON\\n Martino\\tPROPN\\n presbitero\\tNOUN\\n ,\\tPUNCT\\n filio\\tNOUN\\n quondam\\tADJ\\n Venerandi\\tPROPN\\n ,\\tPUNCT\\n tibi\\tPRON\\n Gherardus\\tPROPN\\n ,\\tPUNCT\\n gratia\\tNOUN\\n Dei\\tPROPN\\n huius\\tDET\\n sancte\\tADJ\\n Lucane\\tADJ\\n ecclesie\\tNOUN\\n humilis\\tADJ\\n episcopus\\tNOUN\\n ,\\tPUNCT\\n ut\\tSCONJ\\n ego\\tPRON\\n semper\\tADV\\n in\\tADP\\n mense\\tNOUN\\n martio\\tADJ\\n tibi\\tPRON\\n ,\\tPUNCT\\n vel\\tCCONJ\\n subcessoribus\\tNOUN\\n tuis\\tDET\\n ,\\tPUNCT\\n dare\\tVERB\\n et\\tCCONJ\\n perexolvere\\tVERB\\n promitto\\tVERB\\n argentum\\tNOUN\\n soledos\\tNOUN\\n quinque\\tNUM\\n de\\tADP\\n bonos\\tADJ\\n denarios\\tNOUN\\n expendiviles\\tADJ\\n ,\\tPUNCT\\n duodecim\\tNUM\\n denarios\\tNOUN\\n per\\tADP\\n singulos\\tADJ\\n soledos\\tNOUN\\n rationatos\\tVERB\\n ;\\tPUNCT\\n ;\\tPUNCT\\n""}]}"
"{""messages"":[{""role"":""system"",""content"":""You are a Latin linguist and part-of-speech tagging expert. You are using UPOS (universal part of speech tags). UPOS tags are ADJ,ADP,ADV,AUX,CCONJ,DET,INTJ,NOUN,NUM,PART,PRON,PROPN,PUNCT,SCONJ,SYM,VERB and X. X stands for other.""},{""role"":""user"",""content"":""Return the UPOS tag for the tokens of the sentence: ' Et quod ista sit vera patet quia , sicut dicit Thomas in tertio suo contra Gentiles , miraculum est quod preter ordinem in rebus comuniter institutum divinitus fit . . 'Return the tags in the format TOKEN\tTag\n. Only output the token and the tag (no explanations, no translations, no additional text).""},{""role"":""assistant"",""content"":""Et\\tCCONJ\\n quod\\tSCONJ\\n ista\\tDET\\n sit\\tAUX\\n vera\\tADJ\\n patet\\tVERB\\n quia\\tSCONJ\\n ,\\tPUNCT\\n sicut\\tSCONJ\\n dicit\\tVERB\\n Thomas\\tPROPN\\n in\\tADP\\n tertio\\tADJ\\n suo\\tDET\\n contra\\tADP\\n Gentiles\\tNOUN\\n ,\\tPUNCT\\n miraculum\\tNOUN\\n est\\tAUX\\n quod\\tPRON\\n preter\\tADP\\n ordinem\\tNOUN\\n in\\tADP\\n rebus\\tNOUN\\n comuniter\\tADV\\n institutum\\tVERB\\n divinitus\\tADV\\n fit\\tVERB\\n .\\tPUNCT\\n .\\tPUNCT\\n""}]}"
"{""messages"":[{""role"":""system"",""content"":""You are a Latin linguist and part-of-speech tagging expert. You are using UPOS (universal part of speech tags). UPOS tags are ADJ,ADP,ADV,AUX,CCONJ,DET,INTJ,NOUN,NUM,PART,PRON,PROPN,PUNCT,SCONJ,SYM,VERB and X. X stands for other.""},{""role"":""user"",""content"":""Return the UPOS tag for the tokens of the sentence: ' et dicit ei Iesus Iesus 'Return the tags in the format TOKEN\tTag\n. Only output the token and the tag (no explanations, no translations, no additional text).""},{""role"":""assistant"",""content"":""et\\tCCONJ\\n dicit\\tVERB\\n ei\\tPRON\\n Iesus\\tPROPN\\n Iesus\\tPROPN\\n""}]}"
"{""messages"":[{""role"":""system"",""content"":""You are a Latin linguist and part-of-speech tagging expert. You are using UPOS (universal part of speech tags). UPOS tags are ADJ,ADP,ADV,AUX,CCONJ,DET,INTJ,NOUN,NUM,PART,PRON,PROPN,PUNCT,SCONJ,SYM,VERB and X. X stands for other.""},{""role"":""user"",""content"":""Return the UPOS tag for the tokens of the sentence: ' vos autem videntes nec paenitentiam habuistis postea ut crederetis ei ei 'Return the tags in the format TOKEN\tTag\n. Only output the token and the tag (no explanations, no translations, no additional text).""},{""role"":""assistant"",""content"":""vos\\tPRON\\n autem\\tADV\\n videntes\\tVERB\\n nec\\tADV\\n paenitentiam\\tNOUN\\n habuistis\\tVERB\\n postea\\tADV\\n ut\\tSCONJ\\n crederetis\\tVERB\\n ei\\tPRON\\n ei\\tPRON\\n""}]}"
"{""messages"":[{""role"":""system"",""content"":""You are a Latin linguist and part-of-speech tagging expert. You are using UPOS (universal part of speech tags). UPOS tags are ADJ,ADP,ADV,AUX,CCONJ,DET,INTJ,NOUN,NUM,PART,PRON,PROPN,PUNCT,SCONJ,SYM,VERB and X. X stands for other.""},{""role"":""user"",""content"":""Return the UPOS tag for the tokens of the sentence: ' at ille negavit coram omnibus dicens dicens 'Return the tags in the format TOKEN\tTag\n. Only output the token and the tag (no explanations, no translations, no additional text).""},{""role"":""assistant"",""content"":""at\\tADV\\n ille\\tPRON\\n negavit\\tVERB\\n coram\\tADP\\n omnibus\\tPRON\\n dicens\\tVERB\\n dicens\\tVERB\\n""}]}"
"{""messages"":[{""role"":""system"",""content"":""You are a Latin linguist and part-of-speech tagging expert. You are using UPOS (universal part of speech tags). UPOS tags are ADJ,ADP,ADV,AUX,CCONJ,DET,INTJ,NOUN,NUM,PART,PRON,PROPN,PUNCT,SCONJ,SYM,VERB and X. X stands for other.""},{""role"":""user"",""content"":""Return the UPOS tag for the tokens of the sentence: ' surge dicens 'Return the tags in the format TOKEN\tTag\n. Only output the token and the tag (no explanations, no translations, no additional text).""},{""role"":""assistant"",""content"":""surge\\tVERB\\n dicens\\tVERB\\n""}]}"
"{""messages"":[{""role"":""system"",""content"":""You are a Latin linguist and part-of-speech tagging expert. You are using UPOS (universal part of speech tags). UPOS tags are ADJ,ADP,ADV,AUX,CCONJ,DET,INTJ,NOUN,NUM,PART,PRON,PROPN,PUNCT,SCONJ,SYM,VERB and X. X stands for other.""},{""role"":""user"",""content"":""Return the UPOS tag for the tokens of the sentence: ' et cum eo crucifigunt duos latrones unum a dextris et alium a sinistris eius eius 'Return the tags in the format TOKEN\tTag\n. Only output the token and the tag (no explanations, no translations, no additional text).""},{""role"":""assistant"",""content"":""et\\tCCONJ\\n cum\\tADP\\n eo\\tPRON\\n crucifigunt\\tVERB\\n duos\\tNUM\\n latrones\\tNOUN\\n unum\\tNUM\\n a\\tADP\\n dextris\\tADJ\\n et\\tCCONJ\\n alium\\tPRON\\n a\\tADP\\n sinistris\\tADJ\\n eius\\tPRON\\n eius\\tPRON\\n""}]}"
"{""messages"":[{""role"":""system"",""content"":""You are a Latin linguist and part-of-speech tagging expert. You are using UPOS (universal part of speech tags). UPOS tags are ADJ,ADP,ADV,AUX,CCONJ,DET,INTJ,NOUN,NUM,PART,PRON,PROPN,PUNCT,SCONJ,SYM,VERB and X. X stands for other.""},{""role"":""user"",""content"":""Return the UPOS tag for the tokens of the sentence: ' respondete mihi mihi 'Return the tags in the format TOKEN\tTag\n. Only output the token and the tag (no explanations, no translations, no additional text).""},{""role"":""assistant"",""content"":""respondete\\tVERB\\n mihi\\tPRON\\n mihi\\tPRON\\n""}]}"
"{""messages"":[{""role"":""system"",""content"":""You are a Latin linguist and part-of-speech tagging expert. You are using UPOS (universal part of speech tags). UPOS tags are ADJ,ADP,ADV,AUX,CCONJ,DET,INTJ,NOUN,NUM,PART,PRON,PROPN,PUNCT,SCONJ,SYM,VERB and X. X stands for other.""},{""role"":""user"",""content"":""Return the UPOS tag for the tokens of the sentence: ' responderunt ei Iudaei Iudaei 'Return the tags in the format TOKEN\tTag\n. Only output the token and the tag (no explanations, no translations, no additional text).""},{""role"":""assistant"",""content"":""responderunt\\tVERB\\n ei\\tPRON\\n Iudaei\\tNOUN\\n Iudaei\\tNOUN\\n""}]}"
"{""messages"":[{""role"":""system"",""content"":""You are a Latin linguist and part-of-speech tagging expert. You are using UPOS (universal part of speech tags). UPOS tags are ADJ,ADP,ADV,AUX,CCONJ,DET,INTJ,NOUN,NUM,PART,PRON,PROPN,PUNCT,SCONJ,SYM,VERB and X. X stands for other.""},{""role"":""user"",""content"":""Return the UPOS tag for the tokens of the sentence: ' magna Diana Ephesiorum Ephesiorum 'Return the tags in the format TOKEN\tTag\n. Only output the token and the tag (no explanations, no translations, no additional text).""},{""role"":""assistant"",""content"":""magna\\tADJ\\n Diana\\tPROPN\\n Ephesiorum\\tADJ\\n Ephesiorum\\tADJ\\n""}]}"
"{""messages"":[{""role"":""system"",""content"":""You are a Latin linguist and part-of-speech tagging expert. You are using UPOS (universal part of speech tags). UPOS tags are ADJ,ADP,ADV,AUX,CCONJ,DET,INTJ,NOUN,NUM,PART,PRON,PROPN,PUNCT,SCONJ,SYM,VERB and X. X stands for other.""},{""role"":""user"",""content"":""Return the UPOS tag for the tokens of the sentence: ' et interrogabat quis esset et quid fecisset fecisset 'Return the tags in the format TOKEN\tTag\n. Only output the token and the tag (no explanations, no translations, no additional text).""},{""role"":""assistant"",""content"":""et\\tCCONJ\\n interrogabat\\tVERB\\n quis\\tPRON\\n esset\\tVERB\\n et\\tCCONJ\\n quid\\tPRON\\n fecisset\\tVERB\\n fecisset\\tVERB\\n""}]}"
"{""messages"":[{""role"":""system"",""content"":""You are a Latin linguist and part-of-speech tagging expert. You are using UPOS (universal part of speech tags). UPOS tags are ADJ,ADP,ADV,AUX,CCONJ,DET,INTJ,NOUN,NUM,PART,PRON,PROPN,PUNCT,SCONJ,SYM,VERB and X. X stands for other.""},{""role"":""user"",""content"":""Return the UPOS tag for the tokens of the sentence: ' quando factus sum vir evacuavi quae erant parvuli parvuli 'Return the tags in the format TOKEN\tTag\n. Only output the token and the tag (no explanations, no translations, no additional text).""},{""role"":""assistant"",""content"":""quando\\tADV\\n factus\\tVERB\\n sum\\tVERB\\n vir\\tNOUN\\n evacuavi\\tVERB\\n quae\\tPRON\\n erant\\tVERB\\n parvuli\\tADJ\\n parvuli\\tADJ\\n""}]}"
"{""messages"":[{""role"":""system"",""content"":""You are a Latin linguist and part-of-speech tagging expert. You are using UPOS (universal part of speech tags). UPOS tags are ADJ,ADP,ADV,AUX,CCONJ,DET,INTJ,NOUN,NUM,PART,PRON,PROPN,PUNCT,SCONJ,SYM,VERB and X. X stands for other.""},{""role"":""user"",""content"":""Return the UPOS tag for the tokens of the sentence: ' et vidi et audivi vocem angelorum multorum in circuitu throni et animalium et seniorum seniorum 'Return the tags in the format TOKEN\tTag\n. Only output the token and the tag (no explanations, no translations, no additional text).""},{""role"":""assistant"",""content"":""et\\tCCONJ\\n vidi\\tVERB\\n et\\tCCONJ\\n audivi\\tVERB\\n vocem\\tNOUN\\n angelorum\\tNOUN\\n multorum\\tADJ\\n in\\tADP\\n circuitu\\tNOUN\\n throni\\tNOUN\\n et\\tCCONJ\\n animalium\\tNOUN\\n et\\tCCONJ\\n seniorum\\tADJ\\n seniorum\\tADJ\\n""}]}"
"{""messages"":[{""role"":""system"",""content"":""You are a Latin linguist and part-of-speech tagging expert. You are using UPOS (universal part of speech tags). UPOS tags are ADJ,ADP,ADV,AUX,CCONJ,DET,INTJ,NOUN,NUM,PART,PRON,PROPN,PUNCT,SCONJ,SYM,VERB and X. X stands for other.""},{""role"":""user"",""content"":""Return the UPOS tag for the tokens of the sentence: ' promiscuis salutationibus admittebat et plebem , tanta comitate adeuntium desideria excipiens , ut quendam ioco corripuerit , quod sic sibi libellum porrigere dubitaret , ' quasi elephanto stipem ' . porrigeres porrigeres 'Return the tags in the format TOKEN\tTag\n. Only output the token and the tag (no explanations, no translations, no additional text).""},{""role"":""assistant"",""content"":""promiscuis\\tADJ\\n salutationibus\\tNOUN\\n admittebat\\tVERB\\n et\\tCONJ\\n plebem\\tNOUN\\n ,\\tPUNCT\\n tanta\\tADJ\\n comitate\\tNOUN\\n adeuntium\\tVERB\\n desideria\\tNOUN\\n excipiens\\tVERB\\n ,\\tPUNCT\\n ut\\tCONJ\\n quendam\\tPRON\\n ioco\\tNOUN\\n corripuerit\\tVERB\\n ,\\tPUNCT\\n quod\\tCONJ\\n sic\\tADV\\n sibi\\tPRON\\n libellum\\tNOUN\\n porrigere\\tVERB\\n dubitaret\\tVERB\\n ,\\tPUNCT\\n '\\tPUNCT\\n quasi\\tADV\\n elephanto\\tNOUN\\n stipem\\tNOUN\\n '\\tPUNCT\\n .\\tPUNCT\\n porrigeres\\tVERB\\n porrigeres\\tVERB\\n""}]}"
"{""messages"":[{""role"":""system"",""content"":""You are a Latin linguist and part-of-speech tagging expert. You are using UPOS (universal part of speech tags). UPOS tags are ADJ,ADP,ADV,AUX,CCONJ,DET,INTJ,NOUN,NUM,PART,PRON,PROPN,PUNCT,SCONJ,SYM,VERB and X. X stands for other.""},{""role"":""user"",""content"":""Return the UPOS tag for the tokens of the sentence: ' At mehercules narrabit quod quis voluerit , Oliva nobis propter fructum est gratior . . 'Return the tags in the format TOKEN\tTag\n. Only output the token and the tag (no explanations, no translations, no additional text).""},{""role"":""assistant"",""content"":""At\\tCONJ\\n mehercules\\tX\\n narrabit\\tVERB\\n quod\\tPRON\\n quis\\tPRON\\n voluerit\\tVERB\\n ,\\tPUNCT\\n Oliva\\tNOUN\\n nobis\\tPRON\\n propter\\tADP\\n fructum\\tNOUN\\n est\\tVERB\\n gratior\\tADJ\\n .\\tPUNCT\\n .\\tPUNCT\\n""}]}"
"{""messages"":[{""role"":""system"",""content"":""You are a Latin linguist and part-of-speech tagging expert. You are using UPOS (universal part of speech tags). UPOS tags are ADJ,ADP,ADV,AUX,CCONJ,DET,INTJ,NOUN,NUM,PART,PRON,PROPN,PUNCT,SCONJ,SYM,VERB and X. X stands for other.""},{""role"":""user"",""content"":""Return the UPOS tag for the tokens of the sentence: ' sic vita truditur . . 'Return the tags in the format TOKEN\tTag\n. Only output the token and the tag (no explanations, no translations, no additional text).""},{""role"":""assistant"",""content"":""sic\\tADV\\n vita\\tNOUN\\n truditur\\tVERB\\n .\\tPUNCT\\n .\\tPUNCT\\n""}]}"